RobustClassifier,legitimate_10000,fgsm?eps=0.1
none,0.99429999999999996,0.93500000000000005
FeatureSqueezing?squeezer=bit_depth_1,0.99329999999999996,0.995
