RobustClassifier,legitimate_10000,fgsm?eps=0.4
none,0.77959999999999996,0.10000000000000001
FeatureSqueezing?squeezer=bit_depth_1,0.41760000000000003,0.14999999999999999
